(agena)->Agena
altarf->Al Tarf
and alamak->Alamak
boo alkalurops->Alkalurops
cap prima giedi->Prima Giedi
cap secunda algiedi->Secunda Algiedi
cas achird->Achird
cnc tegmen->Tegmen
cvn cor caroli->Cor Caroli
cyg albireo->Albireo
dra kuma->Kuma
eri angetenar->Angetenar
her kajam->Kajam
her rasalgethi->Rasalgethi
kaffaljidhmah->Kaffaljidhma
leo algieba->Algieba
lib zuben elgenubi->Zuben Elgenubi
ori tabit->Tabit
sco graffias->Graffias
ser alya->Alya
sgr al nosl->Al Nosl
tau secunda hyadum->Secunda Hyadum
uma alkaid->Alkaid
uma dubhe->Dubhe
uma phecda->Phecda
